t,n_workers,total_mb,event
0,8,10343.3,
30,8,10334.5,
60,8,11066.6,
91,8,11400.9,
121,8,11706.3,
151,8,11939.7,
181,8,12228.1,
211,8,12452.6,
241,8,12686.3,
271,8,12135.6,
301,8,12645.5,
331,8,12427.6,
361,8,12881.4,
391,8,13245.9,
421,8,13328.9,
451,8,13800.0,
481,8,13166.6,
511,8,13706.7,
541,8,13812.2,
572,8,14145.8,
602,8,13498.3,
632,8,14038.9,
662,8,13710.0,
692,8,13861.6,
722,8,14072.6,
752,8,13917.8,
782,8,14029.5,
812,8,14126.0,
842,8,14149.8,
872,8,14274.9,
902,8,14082.3,
932,8,14161.8,
962,8,14512.9,
992,8,14608.7,
1022,8,14324.9,
1052,8,14574.0,
1082,8,14332.4,
1113,8,14463.3,
1143,8,14463.3,
1173,8,13948.6,
1203,8,14216.6,
1233,8,14425.9,
1263,8,14469.6,
1293,8,14580.9,
1323,8,14929.5,
1353,8,14555.4,
1383,8,14722.4,
1413,8,14980.0,
1443,8,15399.9,
1473,8,14935.4,
1503,8,15343.0,
1533,8,14769.5,
1563,8,15221.6,
1593,8,14966.4,
1623,8,14918.1,
1653,8,15430.7,
1684,8,15576.3,
1714,8,15586.4,
1744,8,15340.1,
1774,8,15544.2,
1804,8,15290.3,
1834,8,15581.1,
1864,8,15639.5,
1894,8,15877.2,
1924,8,15781.9,
1954,8,15384.9,
1984,8,15634.0,
2014,8,15476.6,
2044,8,15499.7,
2074,8,15903.0,
2104,8,15685.2,
2134,8,15466.5,
2164,8,15213.3,
2194,8,15670.1,
2224,8,15778.9,
2255,8,15614.2,
2285,8,15790.7,
2315,8,16014.7,
2345,8,15949.1,
2375,8,15396.9,
2405,8,15791.0,recycle
2435,8,2133.8,
2465,8,4756.1,
2495,8,7453.1,
2525,8,8369.5,
2555,8,8832.4,
2585,8,9534.9,
2615,8,10166.6,
2645,8,10857.0,
2675,8,11365.7,
2705,8,11525.1,
2735,8,11768.7,
2766,8,11666.5,
2796,8,11552.5,
2826,8,11911.8,
2856,8,11607.8,
2886,8,11504.9,
2916,8,11804.8,
2946,8,12356.8,
2976,8,12342.9,
3006,8,12804.3,
3036,8,12463.1,
3066,8,12578.0,
3096,8,12529.3,
3126,8,12826.9,
3156,8,13035.4,
3186,8,12819.8,
3216,8,13017.0,
3246,8,12748.6,
3276,8,12858.6,
3306,8,13101.8,
3337,8,13493.2,
3367,8,12990.3,
3397,8,13367.3,
3427,8,13389.1,
3457,8,13324.8,
3487,8,13828.8,
3517,8,13385.4,
3547,8,13698.5,
3577,8,14017.3,
3607,8,13640.1,
3637,8,13934.5,
3667,8,14142.6,
3697,8,14335.0,
3727,8,13984.1,
3757,8,14321.9,
3787,8,14273.9,
3817,8,13899.1,
3848,8,14169.2,
3878,8,14238.7,
3908,8,14246.8,
3938,8,14100.3,
3968,8,14125.5,
3998,8,14197.6,
4028,8,13848.0,
4058,8,14149.9,
4088,8,14287.9,
4118,8,14460.2,
4148,8,14619.8,
4178,8,14325.3,
4208,8,14196.6,
4238,8,14405.7,
4268,8,14538.7,
4298,8,14325.1,
4328,8,14394.8,
4359,8,14692.8,
4389,8,14293.3,
4419,8,14667.7,
4449,8,14889.2,
4479,8,14783.3,
4509,8,14662.1,
4539,8,14841.1,
4569,8,15019.5,
4599,8,14872.3,
4629,8,15168.1,
4659,8,15045.5,
4689,8,14957.8,
4719,8,14964.9,
4749,8,15291.1,
4779,8,15340.0,
4809,8,14975.4,recycle
4839,8,2033.0,
4870,8,5509.5,
4900,8,7928.2,
4930,8,8877.7,
4960,8,8952.7,
4990,8,10600.8,
5020,8,11097.3,
5050,8,11259.1,
5080,8,11309.2,
5110,8,11205.7,
5140,8,11950.2,
5170,8,11742.6,
5200,8,11868.7,
5230,8,11822.9,
5260,8,12068.6,
5290,8,12284.8,
5320,8,12229.8,
5350,8,12806.8,
5380,8,12873.8,
5410,8,12786.6,
5441,8,12797.5,
5471,8,13361.3,
5501,8,13118.3,
5531,8,13130.4,
5561,8,13138.4,
5591,8,13685.1,
5621,8,13486.3,
5651,8,13792.3,
5681,8,14064.3,
5711,8,14224.9,
5741,8,14012.6,
5771,8,14255.4,
5801,8,13929.3,
5831,8,14578.5,
5861,8,14314.2,
5891,8,14141.0,
5921,8,14399.1,
5951,8,14758.5,
5982,8,14583.5,
6012,8,14504.9,
6042,8,14800.9,
6072,8,14552.1,
6102,8,14769.1,
6132,8,14872.4,
6162,8,14605.4,
6192,8,15063.1,
6222,8,14690.7,
6252,8,14841.8,
6282,8,15198.9,
6312,8,14751.4,
6342,8,14884.2,
6372,8,14912.1,
6402,8,15374.7,
6432,8,15451.8,
6462,8,14847.8,
6493,8,15243.2,
6523,8,14929.1,
6553,8,14952.9,
6583,8,14926.0,
6613,8,14916.6,
6643,8,14875.0,
6673,8,14895.7,
6703,8,15072.9,
6733,8,15150.6,
6763,8,15039.9,
6793,8,15300.8,
6823,8,15456.1,
6853,8,15224.4,
6883,8,15594.4,
6913,8,15366.5,
6943,8,15776.0,
6973,8,15103.8,
7004,8,15181.2,
7034,8,15404.6,
7064,8,15490.4,
7094,8,15209.8,
7124,8,15318.7,
7154,8,15286.6,
7184,8,15575.8,
7214,8,15830.4,recycle
7244,8,1911.0,
7274,8,5550.2,
7304,8,7669.2,
7334,8,9138.1,
7364,8,9424.8,
7394,8,10312.0,
7424,8,10955.2,
7454,8,11088.0,
7484,8,11577.3,
7514,8,11538.4,
7545,8,11574.6,
7575,8,12014.8,
7605,8,11980.3,
7635,8,12405.7,
7665,8,12587.0,
7695,8,12259.6,
7725,8,12080.8,
7755,8,11991.8,
7785,8,12569.9,
7815,8,12541.0,
7845,8,12660.5,
7875,8,13155.9,
7905,8,13412.3,
7935,8,13181.7,
7965,8,13486.4,
7995,8,13001.7,
8026,8,13389.4,
8056,8,13385.6,
8086,8,12901.8,
8116,8,12957.9,
8146,8,13579.5,
8176,8,13252.7,
8206,8,13603.3,
8236,8,13403.5,
8266,8,13148.1,
8296,8,13748.2,
8326,8,13562.9,
8356,8,13445.1,
8386,8,14217.4,
8416,8,14144.6,
8446,8,14174.9,
8476,8,13773.3,
8506,8,13971.1,
8536,8,13987.4,
8567,8,14075.3,
8597,8,13926.6,
8627,8,14064.1,
8657,8,14337.0,
8687,8,14235.8,
8717,8,14689.1,
8747,8,14186.4,
8777,8,14896.4,
8807,8,14595.3,
8837,8,14861.0,
8867,8,14398.4,
8897,8,14463.0,
8927,8,14835.3,
8957,8,15049.9,
8987,8,14569.5,
9017,8,14643.7,
9047,8,14785.3,
9078,8,15206.1,
9108,8,14925.6,
9138,8,15064.8,
9168,8,15211.9,
9198,8,14793.9,
9228,8,15112.1,
9258,8,14850.5,
9288,8,14991.2,
9318,8,14903.7,
9348,8,14752.1,
9378,8,15306.0,
9408,8,14981.0,
9438,8,14866.5,
9468,8,14604.7,
9498,8,14993.3,
9528,8,14740.5,
9559,8,14953.5,
9589,8,15240.5,
9619,8,14920.3,recycle
9649,8,1921.8,
9679,8,4709.1,
9709,8,8019.0,
9739,8,8862.5,
9769,8,9249.0,
9799,8,9732.1,
9829,8,10648.5,
9859,8,10567.0,
9889,8,10935.9,
9919,8,10916.9,
9949,8,11147.9,
9979,8,11901.1,
10009,8,11585.4,
10039,8,11741.7,
10069,8,11968.1,
10100,8,12667.2,
10130,8,12148.2,
10160,8,12438.9,
10190,8,12496.4,
10220,8,12607.1,
10250,8,12927.6,
10280,8,13281.4,
10310,8,13081.7,
10340,8,13250.6,
10370,8,13113.0,
10400,8,13031.9,
10430,8,13250.5,
10460,8,13704.9,
10490,8,13937.7,
10520,8,13854.8,
10550,8,13702.0,
10580,8,13758.9,
10610,8,13474.7,
10641,8,13772.3,
10671,8,14052.1,
10701,8,14177.7,
10731,8,13863.3,
10761,8,14156.7,
10791,8,13757.1,
10821,8,13782.6,
10851,8,14366.7,
10881,8,14012.8,
10911,8,14584.0,
10941,8,14794.3,
10971,8,14318.4,
11001,8,14545.7,
11031,8,14210.8,
11061,8,14287.6,
11091,8,14207.6,
11121,8,14216.1,
11151,8,14342.7,
11181,8,14655.2,
11211,8,14253.6,
11242,8,14414.8,
11272,8,14368.7,
11302,8,14412.9,
11332,8,14549.8,
11362,8,14683.2,
11392,8,14808.1,
11422,8,14863.7,
11452,8,14949.4,
11482,8,14528.4,
11512,8,14635.6,
11542,8,14821.5,
11572,8,15105.0,
11602,8,15501.3,
11632,8,15101.4,
11662,8,15344.8,
11692,8,15109.0,
11722,8,14779.9,
11753,8,15418.5,
11783,8,15060.6,
11813,8,15355.2,
11843,8,15242.3,
11873,8,15472.9,
11903,8,15542.0,
11933,8,15503.5,
11963,8,15527.5,
11993,8,15157.0,
12023,8,15447.4,recycle
12053,8,1906.9,
12083,8,3561.0,
12113,8,6624.8,
12143,8,9339.6,
12173,8,9377.4,
12203,8,9881.7,
12233,8,10511.3,
12263,8,11177.3,
12294,8,11215.2,
12324,8,11835.2,
12354,8,11788.6,
12384,8,11898.2,
12414,8,12033.0,
12444,8,12054.5,
12474,8,12764.3,
12504,8,12707.9,
12534,8,12677.7,
12564,8,12854.5,
12594,8,12786.2,
12624,8,12696.7,
12654,8,12943.2,
12684,8,12882.4,
12714,8,12859.1,
12744,8,12945.9,
12774,8,13375.1,
12805,8,13804.4,
12835,8,13279.0,
12865,8,13502.1,
12895,8,14073.5,
12925,8,13832.8,
12955,8,13598.2,
12985,8,14078.1,
13015,8,13958.5,
13045,8,14390.0,
13075,8,14221.8,
13105,8,14425.9,
13135,8,14622.3,
13165,8,14427.6,
13195,8,14019.7,
13225,8,14420.5,
13255,8,14212.5,
13286,8,14950.5,
13316,8,14447.3,
13346,8,14298.5,
13376,8,14300.8,
13406,8,14854.7,
13436,8,14445.1,
13466,8,14577.9,
13496,8,14974.3,
13526,8,14614.3,
13556,8,14530.3,
13586,8,14649.6,
13616,8,14861.2,
13646,8,14579.8,
13676,8,14440.8,
13706,8,14880.4,
13736,8,15085.0,
13766,8,14883.3,
13796,8,15010.4,
13826,8,14589.1,
13857,8,15089.2,
13887,8,14890.5,
13917,8,14624.9,
13947,8,15113.5,
13977,8,14504.7,
14007,8,14778.1,
14037,8,15046.7,
14067,8,14535.3,
14097,8,14957.6,
14127,8,15129.8,
14157,8,14777.3,
14187,8,14595.8,
14217,8,14960.6,
14247,8,14951.6,
14277,8,15136.3,
14307,8,15262.2,
14338,8,15544.8,
14368,8,15620.2,
14398,8,15280.8,
14428,8,15371.2,recycle
14458,8,1895.9,
14488,8,3755.6,
14518,8,6475.2,
14548,8,8232.1,
14578,8,8422.8,
14608,8,9646.1,
14638,8,10078.7,
14668,8,10264.8,
14698,8,10907.9,
14728,8,10985.3,
14758,8,11364.6,
14789,8,11244.4,
14819,8,11625.9,
14849,8,11861.3,
14879,8,12271.6,
14909,8,12342.2,
14939,8,12421.7,
14969,8,12760.4,
14999,8,12885.9,
15029,8,12569.6,
15059,8,12820.7,
15089,8,12989.2,
15119,8,12580.7,
15149,8,12900.1,
15179,8,12800.7,
15209,8,13304.2,
15239,8,13427.6,
15269,8,13564.6,
15299,8,14080.8,
15330,8,14003.7,
15360,8,13595.4,
15390,8,13849.9,
15420,8,14413.0,
15450,8,14098.3,
15480,8,14692.5,
15510,8,14505.1,
15540,8,14309.1,
15570,8,14686.1,
15600,8,14913.2,
15630,8,14391.6,
15660,8,14501.6,
15690,8,15078.4,
15720,8,14846.7,
15750,8,15003.3,
15780,8,14554.8,
15810,8,15153.5,
15841,8,15091.1,
15871,8,14658.2,
15901,8,15004.4,
15931,8,15370.9,
15961,8,14818.8,
15991,8,15205.1,
16021,8,15110.5,
16051,8,14857.9,
16081,8,14712.2,
16111,8,14699.4,
16141,8,15063.7,
16171,8,15126.7,
16201,8,15509.3,
16231,8,15296.5,
16261,8,15237.1,
16291,8,15376.5,
16321,8,15383.7,
16351,8,15828.9,
16381,8,15541.6,
16412,8,15355.7,
16442,8,15642.0,
16472,8,15332.5,
16502,8,15215.6,
16532,8,15206.4,
16562,8,15164.6,
16592,8,15319.0,
16622,8,15013.7,
16652,8,15589.3,
16682,8,15487.5,
16712,8,15339.1,
16742,8,15323.9,
16772,8,15275.9,
16802,8,15178.2,
16832,8,15590.2,recycle
16862,8,1861.3,
16893,8,3735.6,
16923,8,8080.8,
16953,8,9214.3,
16983,8,9519.4,
17013,8,10297.9,
17043,8,10686.4,
17073,8,10884.9,
17103,8,11552.3,
17133,8,11398.7,
17163,8,11718.6,
17193,8,11883.9,
17223,8,12007.4,
17253,8,12264.7,
17283,8,12282.9,
17313,8,12792.1,
17343,8,12872.6,
17373,8,12875.3,
17404,8,12933.3,
17434,8,13067.5,
17464,8,12821.9,
17494,8,13140.4,
17524,8,1819.7,
17554,8,2983.8,
17584,8,7246.9,
17614,8,8212.4,
17644,8,9757.9,
17674,8,10002.6,
17704,8,10799.5,
17734,8,10750.6,
17764,8,11094.6,
17794,8,11712.2,
17824,8,11545.2,
17854,8,12170.8,
17884,8,11998.2,
17914,8,12479.1,
17945,8,12676.9,
17975,8,12952.5,
18005,8,12537.5,
18035,8,12727.8,
18065,8,12912.3,
18095,8,12833.4,
18125,8,13352.5,
18155,8,12947.2,
18185,8,12999.8,
18215,8,13123.7,
18245,8,13006.3,
18275,8,13418.8,
18305,8,13283.3,
18335,8,13213.9,
18365,8,13692.2,
18395,8,13424.8,
18425,8,13595.0,
18456,8,13535.0,
18486,8,13514.5,
18516,8,13865.7,
18546,8,13520.4,
18576,8,13720.6,
18606,8,14058.7,
18636,8,13979.8,
18666,8,14048.0,
18696,8,14146.7,
18726,8,14055.7,
18756,8,13905.5,
18786,8,14186.5,
18816,8,14541.4,
18846,8,14448.7,
18876,8,14597.5,
18906,8,14440.7,
18936,8,14344.5,
18966,8,14359.8,
18997,8,14298.4,
19027,8,14686.4,
19057,8,14429.9,
19087,8,14651.2,
19117,8,14153.6,
19147,8,14710.1,
19177,8,14135.6,
19207,8,14560.1,
19237,8,14170.3,recycle
19267,8,1591.7,
19297,8,2058.8,
19327,8,4824.8,
19357,8,7318.4,
19387,8,9011.1,
19417,8,9593.4,
19447,8,9966.2,
19477,8,10187.8,
19508,8,10654.0,
19538,8,10406.4,
19568,8,10972.4,
19598,8,11016.4,
19628,8,11147.2,
19658,8,11227.8,
19688,8,11825.3,
19718,8,11727.1,
19748,8,12239.3,
19778,8,12315.5,
19808,8,12410.9,
19838,8,12606.8,
19868,8,12519.6,
19898,8,12776.8,
19928,8,12604.7,
19958,8,12553.6,
19988,8,12509.6,
20018,8,13025.6,
20049,8,12702.0,
20079,8,13071.5,
20109,8,13290.6,
20139,8,13054.9,
20169,8,13549.5,
20199,8,13660.1,
20229,8,13355.7,
20259,8,13059.0,
20289,8,13531.6,
20319,8,13221.9,
20349,8,13249.0,
20379,8,13511.9,
20409,8,13843.5,
20439,8,13959.3,
20469,8,13594.9,
20499,8,13548.7,
20529,8,13870.8,
20559,8,13713.3,
20590,8,13783.5,
20620,8,13935.3,
20650,8,13632.5,
20680,8,13847.9,
20710,8,13958.1,
20740,8,14443.2,
20770,8,13996.0,
20800,8,13792.8,
20830,8,13844.3,
20860,8,13728.7,
20890,8,14443.0,
20920,8,14094.4,
20950,8,14275.1,
20980,8,14531.1,
21010,8,15086.3,
21040,8,14600.5,
21070,8,14937.3,
21100,8,14709.4,
21131,8,14735.1,
21161,8,14815.2,
21191,8,14396.3,
21221,8,14753.0,
21251,8,14949.2,
21281,8,14800.1,
21311,8,14693.2,
21341,8,15223.3,
21371,8,14797.2,
21401,8,15331.5,
21431,8,14854.9,
21461,8,15303.1,
21491,8,14990.9,
21521,8,14966.2,
21551,8,15503.2,
21581,8,15596.1,
21611,8,15117.9,
21641,8,15206.2,recycle
21672,0,0.0,
21702,8,1866.2,
21732,8,3723.3,
21762,8,8153.1,
21792,8,9561.0,
21822,8,9948.8,
21852,8,10297.6,
21882,8,10297.0,
21912,8,10777.8,
21942,8,11112.1,
21972,8,11637.2,
22002,8,11844.7,
22032,8,11786.8,
22062,8,12281.7,
22092,8,12201.6,
22122,8,12344.1,
22152,8,12846.5,
22183,8,12322.6,
22213,8,12502.8,
22243,8,12683.8,
22273,8,12594.3,
22303,8,13300.1,
22333,8,13344.2,
22363,8,13407.1,
22393,8,13216.5,
22423,8,13696.9,
22453,8,13011.2,
22483,8,13416.8,
22513,8,13300.7,
22543,8,13213.9,
22573,8,13288.3,
22603,8,13797.8,
22633,8,13740.3,
22664,8,14147.2,
22694,8,13972.3,
22724,8,14400.1,
22754,8,13998.9,
22784,8,14566.6,
22814,8,14131.7,
22844,8,14540.8,
22874,8,14325.1,
22904,8,14203.6,
22934,8,14599.1,
22964,8,14804.8,
22994,8,14845.3,
23024,8,14579.0,
23054,8,14500.6,
23084,8,14835.1,
23114,8,14438.5,
23144,8,14431.2,
23174,8,14890.3,
23205,8,15082.4,
23235,8,14907.4,
23265,8,14568.9,
23295,8,14704.1,
23325,8,14442.1,
23355,8,14930.7,
23385,8,15069.7,
23415,8,14670.4,
23445,8,14669.7,
23475,8,15007.0,
23505,8,15184.1,
23535,8,14964.6,
23565,8,15110.0,
23595,8,14668.0,
23625,8,14978.9,
23655,8,14543.8,
23685,8,14704.3,
23715,8,14658.8,
23745,8,15090.3,
23776,8,15314.0,
23806,8,15060.4,
23836,8,15163.3,
23866,8,14984.7,
23896,8,15115.8,
23926,8,15100.6,
23956,8,15442.6,
23986,8,15416.2,
24016,8,15271.0,
24046,8,15398.7,recycle
24076,0,0.0,
24106,0,0.0,
24136,8,1909.9,
24166,8,4004.8,
24196,8,7562.3,
24226,8,9167.4,
24256,8,9476.5,
24286,8,10024.3,
24317,8,10645.1,
24347,8,10676.0,
24377,8,11377.3,
24407,8,11398.1,
24437,8,12051.0,
24467,8,11978.5,
24497,8,12187.8,
24527,8,11977.7,
24557,8,12114.6,
24587,8,12279.1,
24617,8,12620.9,
24647,8,12947.6,
24677,8,12600.9,
24707,8,12851.9,
24737,8,12632.3,
24767,8,13228.1,
24797,8,12982.6,
24827,8,13447.5,
24858,8,13499.2,
24888,8,13628.2,
24918,8,13598.1,
24948,8,13756.0,
24978,8,13832.9,
25008,8,13710.2,
25038,8,14157.4,
25068,8,13773.5,
25098,8,13933.6,
25128,8,14639.1,
25158,8,14009.7,
25188,8,14313.8,
25218,8,14006.5,
25248,8,14547.3,
25278,8,14275.3,
25308,8,14697.5,
25338,8,14520.7,
25369,8,14499.9,
25399,8,14502.8,
25429,8,14366.4,
25459,8,14522.3,
25489,8,14863.4,
25519,8,14861.0,
25549,8,14797.9,
25579,8,14503.8,
25609,8,14836.4,
25639,8,14593.8,
25669,8,14772.9,
25699,8,14616.4,
25729,8,14508.5,
25759,8,14590.8,
25789,8,15008.9,
25819,8,14695.4,
25849,8,14914.0,
25880,8,14626.1,
25910,8,14794.5,
25940,8,14996.2,
25970,8,14632.5,
26000,8,14783.6,
26030,8,14936.5,
26060,8,15137.1,
26090,8,15135.5,
26120,8,15235.8,
26150,8,15046.0,
26180,8,15343.6,
26210,8,15478.3,
26240,8,15859.6,
26270,8,15556.2,
26300,8,15862.1,
26330,8,15410.4,
26360,8,15827.9,
26390,8,15421.1,
26420,8,15674.9,
26451,8,15511.8,recycle
26481,0,0.0,
26511,0,0.0,
26541,8,1934.9,
26571,8,4391.2,
26601,8,7471.0,
26631,8,9323.9,
26661,8,10130.6,
26691,8,9994.2,
26721,8,10627.4,
26751,8,11062.1,
26781,8,11577.7,
26811,8,11956.6,
26841,8,11835.1,
26871,8,12057.0,
26901,8,12101.1,
26931,8,12566.0,
26961,8,12674.0,
26991,8,12794.6,
27022,8,13097.6,
27052,8,12981.9,
27082,8,13160.2,
27112,8,13606.4,
27142,8,13256.9,
27172,8,13893.8,
27202,8,13780.9,
27232,8,13587.9,
27262,8,13867.8,
27292,8,14045.7,
27322,8,13968.0,
27352,8,13745.9,
27382,8,13487.2,
27412,8,13836.6,
27442,8,13746.8,
27472,8,13804.3,
27502,8,14108.2,
27532,8,13927.6,
27563,8,14172.6,
27593,8,14488.2,
27623,8,14348.7,
27653,8,14179.4,
27683,8,14144.8,
27713,8,13889.0,
27743,8,14107.1,
27773,8,13700.6,
27803,8,14077.7,
27833,8,14254.9,
27863,8,14711.0,
27893,8,14197.8,
27923,8,14474.1,
27953,8,14366.4,
27983,8,14485.5,
28013,8,14352.7,
28043,8,14801.4,
28073,8,14632.4,
28103,8,14793.8,
28134,8,14910.9,
28164,8,15043.9,
28194,8,15141.7,
28224,8,14850.5,
28254,8,14830.4,
28284,8,15194.3,
28314,8,15115.3,
28344,8,15304.8,
28374,8,14663.0,
28404,8,14698.5,
28434,8,15079.7,
28464,8,15154.5,
28494,8,15285.1,
28524,8,15122.9,
28554,8,15416.9,
28584,8,15271.2,
28614,8,15561.9,
28645,8,15044.2,
28675,8,15384.4,
28705,8,15019.8,
28735,8,15510.1,
28765,8,15243.1,
28795,8,14948.6,
28825,8,15254.3,
28855,8,15253.6,recycle
28885,0,0.0,
28915,0,0.0,
28945,8,1935.6,
28975,8,5039.6,
29005,8,8054.7,
29035,8,9217.3,
29065,8,9728.4,
29095,8,10295.8,
29125,8,11099.6,
29155,8,10826.2,
29186,8,11455.1,
29216,8,11455.6,
29246,8,11780.3,
29276,8,12365.6,
29306,8,12590.6,
29336,8,12081.8,
29366,8,12436.8,
29396,8,12627.1,
29426,8,12421.8,
29456,8,12758.8,
29486,8,13023.8,
29516,8,12683.2,
29546,8,13088.6,
29576,8,12637.0,
29606,8,12869.8,
29636,8,12924.7,
29666,8,13268.6,
29696,8,13278.1,
29727,8,13195.7,
29757,8,13081.7,
29787,8,13508.8,
29817,8,13105.1,
29847,8,13430.1,
29877,8,13761.9,
29907,8,13791.0,
29937,8,13632.0,
29967,8,13851.0,
29997,8,13383.0,
30027,8,13597.4,
30057,8,13566.7,
30087,8,13616.5,
30117,8,13471.7,
30147,8,13684.7,
30177,8,13633.1,
30207,8,14231.0,
30237,8,13836.7,
30267,8,14325.7,
30298,8,14288.9,
30328,8,14398.2,
30358,8,14213.6,
30388,8,14056.4,
30418,8,14054.3,
30448,8,14888.7,
30478,8,14682.4,
30508,8,14606.8,
30538,8,14614.0,
30568,8,14254.6,
30598,8,14649.8,
30628,8,14617.7,
30658,8,14499.8,
30688,8,14519.6,
30718,8,14932.3,
30748,8,14881.7,
30778,8,15032.7,
30808,8,15162.5,
30838,8,14601.3,
30869,8,14634.3,
30899,8,15073.3,
30929,8,15259.6,
30959,8,14804.6,
30989,8,15492.6,
31019,8,15185.5,
31049,8,15279.2,
31079,8,15306.3,
31109,8,14931.6,
31139,8,15021.0,
31169,8,15260.5,
31199,8,15491.9,
31229,8,15379.4,
31259,8,15535.7,recycle
31289,0,0.0,
31319,0,0.0,
31349,8,1936.9,
31379,8,5092.0,
31409,8,7640.7,
31440,8,8691.6,
31470,8,9703.3,
31500,8,10383.0,
31530,8,10718.8,
31560,8,11150.9,
31590,8,11364.5,
31620,8,11721.7,
31650,8,11854.9,
31680,8,11762.7,
31710,8,12014.6,
31740,8,12024.2,
31770,8,12665.6,
31800,8,13187.6,
31830,8,12982.6,
31860,8,12865.5,
31890,8,13053.1,
31920,8,12991.6,
31951,8,13060.5,
31981,8,13397.2,
32011,8,13211.4,
32041,8,13334.6,
32071,8,13374.3,
32101,8,13363.1,
32131,8,13331.8,
32161,8,13513.3,
32191,8,13280.2,
32221,8,13336.6,
32251,8,13556.5,
32281,8,13676.3,
32311,8,13541.4,
32341,8,13553.8,
32371,8,13655.2,
32401,8,13926.1,
32431,8,13706.7,
32461,8,13420.6,
32492,8,13972.1,
32522,8,13833.8,
32552,8,13686.4,
32582,8,14107.8,
32612,8,14074.0,
32642,8,14379.2,
32672,8,14091.3,
32702,8,14573.7,
32732,8,14157.6,
32762,8,14046.9,
32792,8,14368.1,
32822,8,14328.7,
32852,8,14300.8,
32882,8,14542.3,
32912,8,14457.9,
32942,8,14383.6,
32973,8,14176.6,
33003,8,14583.6,
33033,8,14744.8,
33063,8,14847.5,
33093,8,14482.8,
33123,8,14477.1,
33153,8,14882.0,
33183,8,14722.7,
33213,8,14466.5,
33243,8,14847.8,
33273,8,14574.9,
33303,8,14925.4,
33333,8,14613.4,
33363,8,15177.1,
33393,8,15224.8,
33423,8,14660.2,
33453,8,14959.0,
33483,8,14773.8,
33513,8,14938.8,
33544,8,15486.1,
33574,8,14931.0,
33604,8,15303.2,
33634,8,15274.5,
33664,8,15272.2,recycle
33694,0,0.0,
33724,0,0.0,
33754,8,1933.9,
33784,8,4971.4,
33814,8,8807.0,
33844,8,9385.2,
33874,8,9766.6,
33904,8,10173.8,
33934,8,10467.1,
33964,8,10750.5,
33994,8,11226.5,
34024,8,11811.6,
34055,8,11486.4,
34085,8,11770.0,
34115,8,12178.4,
34145,8,12106.9,
34175,8,12151.4,
34205,8,12371.1,
34235,8,12659.1,
34265,8,12481.2,
34295,8,12705.9,
34325,8,12934.8,
34355,8,12784.2,
34385,0,0.0,
34415,0,0.0,
34445,8,1759.5,
34475,8,2308.5,
34505,8,5490.9,
34535,8,7403.1,
34565,8,8226.2,
34595,8,9610.1,
34626,8,10166.7,
34656,8,10842.3,
34686,8,10616.9,
34716,8,10990.2,
34746,8,11160.3,
34776,8,11902.6,
34806,8,12111.7,
34836,8,12393.5,
34866,8,12318.1,
34896,8,12600.5,
34926,8,12502.5,
34956,8,12542.5,
34986,8,13076.6,
35016,8,12975.9,
35046,8,12884.3,
35076,8,12950.9,
35106,8,13046.3,
35137,8,13321.2,
35167,8,13337.3,
35197,8,13292.8,
35227,8,13814.2,
35257,8,13549.0,
35287,8,13839.7,
35317,8,13787.2,
35347,8,14322.9,
35377,8,14308.8,
35407,8,14295.9,
35437,8,14287.8,
35467,8,14437.0,
35497,8,14359.9,
35527,8,14276.0,
35557,8,14107.7,
35587,8,14168.9,
35617,8,14534.4,
35647,8,14653.6,
35678,8,14581.6,
35708,8,14429.2,
35738,8,14303.7,
35768,8,14763.9,
35798,8,14201.7,
35828,8,14485.5,
35858,8,14553.5,
35888,8,14389.8,
35918,8,14421.0,
35948,8,14249.8,
35978,8,14836.7,
36008,8,14954.1,
36038,8,14451.3,
36068,8,14960.9,recycle
36098,0,0.0,
36128,0,0.0,
36158,8,1934.7,
36188,8,5772.7,
36218,8,7693.2,
36249,8,9047.3,
36279,8,9580.8,
36309,8,10010.0,
36339,8,10391.1,
36369,8,10909.2,
36399,8,11306.6,
36429,8,11277.8,
36459,8,11462.0,
36489,8,12284.2,
36519,8,12380.2,
36549,8,12181.5,
36579,8,12329.9,
36609,8,12189.6,
36639,8,12756.7,
36669,8,12900.4,
36699,8,13069.2,
36729,8,12548.9,
36759,8,13174.2,
36790,8,13496.5,
36820,8,13461.3,
36850,8,12944.0,
36880,8,13111.5,
36910,8,13394.7,
36940,8,13573.1,
36970,8,13353.6,
37000,8,13592.8,
37030,8,13639.6,
37060,8,13980.1,
37090,8,13600.8,
37120,8,14131.9,
37150,8,13943.9,
37180,8,13791.2,
37210,8,13589.8,
37240,8,13536.6,
37270,8,13976.9,
37300,8,14258.6,
37331,8,13945.8,
37361,8,13903.2,
37391,8,13752.6,
37421,8,14508.6,
37451,8,14147.7,
37481,8,14030.1,
37511,8,14142.7,
37541,8,14516.2,
37571,8,14239.7,
37601,8,14428.3,
37631,8,13966.6,
37661,8,14146.8,
37691,8,14647.9,
37721,8,14844.5,
37751,8,14453.2,
37781,8,14775.0,
37811,8,14557.3,
37842,8,14547.8,
37872,8,14661.0,
37902,8,14828.5,
37932,8,14940.0,
37962,8,14574.1,
37992,8,14658.1,
38022,8,15035.1,
38052,8,14732.0,
38082,8,15051.7,
38112,8,14842.5,
38142,8,15041.5,
38172,8,14724.7,
38202,8,15154.6,
38232,8,15605.2,
38262,8,14848.5,
38292,8,14950.7,
38322,8,15197.0,
38353,8,14957.0,
38383,8,14736.2,
38413,8,15319.2,
38443,8,14887.6,
38473,8,15117.7,recycle
38503,0,0.0,
38533,0,0.0,
38563,8,1932.2,
38593,8,3569.3,
38623,8,5472.5,
38653,8,7965.1,
38683,8,8948.5,
38713,8,9397.5,
38743,8,10776.4,
38773,8,10539.0,
38803,8,10705.4,
38833,8,10947.8,
38863,8,11330.2,
38894,8,11375.7,
38924,8,11833.2,
38954,8,11663.0,
38984,8,12080.7,
39014,8,11861.2,
39044,8,12420.4,
39074,8,12199.3,
39104,8,12401.9,
39134,8,12306.4,
39164,8,12782.5,
39194,8,13005.6,
39224,8,12933.9,
39254,8,12969.9,
39284,8,12972.9,
39314,8,13088.8,
39344,8,12985.9,
39374,8,13378.3,
39405,8,13342.6,
39435,8,13359.0,
39465,8,13441.6,
39495,8,13722.9,
39525,8,13906.0,
39555,8,14022.1,
39585,8,13828.5,
39615,8,13866.0,
39645,8,13763.6,
39675,8,13947.6,
39705,8,14094.1,
39735,8,14100.9,
39765,8,14199.1,
39795,8,14192.4,
39825,8,14227.9,
39855,8,14305.7,
39885,8,14653.7,
39915,8,14906.7,
39946,8,14621.1,
39976,8,14540.8,
40006,8,14792.8,
40036,8,14589.5,
40066,8,14744.8,
40096,8,14670.2,
40126,8,15066.7,
40156,8,15175.0,
40186,8,14730.3,
40216,8,14786.7,
40246,8,14879.2,
40276,8,15244.4,
40306,8,14843.3,
40336,8,15256.8,
40366,8,15106.2,
40396,8,15230.0,
40426,8,15085.8,
40456,8,15295.2,
40487,8,14842.3,
40517,8,15376.3,
40547,8,15119.9,
40577,8,15190.0,
40607,8,15000.0,
40637,8,15393.4,
40667,8,15349.6,
40697,8,15031.1,
40727,8,15380.2,
40757,8,15683.4,
40787,8,15190.6,
40817,8,15263.1,
40847,8,15655.1,
40877,8,15530.1,recycle
40907,0,0.0,
40937,0,0.0,
40967,8,1934.5,
40997,8,5001.9,
41027,8,7503.2,
41057,8,8471.8,
41088,8,8804.1,
41118,8,10535.2,
41148,8,10711.1,
41178,8,11091.5,
41208,8,11519.9,
41238,8,11665.6,
41268,8,11782.3,
41298,8,11876.7,
41328,8,12312.2,
41358,8,12033.8,
41388,8,12281.2,
41418,8,12643.5,
41448,8,12256.2,
41478,8,12221.3,
41508,8,12443.6,
41538,8,12934.9,
41568,8,12798.8,
41599,8,12883.4,
41629,8,12670.0,
41659,8,12777.0,
41689,8,12952.7,
41719,8,13247.5,
41749,8,13561.7,
41779,8,13265.5,
41809,8,13616.0,
41839,8,13017.1,
41869,8,13429.8,
41899,8,13288.4,
41929,8,13661.3,
41959,8,13356.1,
41989,8,13702.8,
42019,8,13885.3,
42049,8,13852.1,
42080,8,13859.9,
42110,8,13906.5,
42140,8,14139.3,
42170,8,14253.6,
42200,8,14048.9,
42230,8,14230.7,
42260,8,14373.0,
42290,8,14673.2,
42320,8,14499.4,
42350,8,14954.5,
42380,8,14710.4,
42410,8,14854.4,
42440,8,14681.1,
42470,8,14888.0,
42500,8,14851.4,
42530,8,15273.1,
42560,8,15019.5,
42590,8,15188.2,
42620,8,15175.4,
42651,8,15067.0,
42681,8,15328.1,
42711,8,15317.3,
42741,8,15083.5,
42771,8,15091.3,
42801,8,15053.5,
42831,8,15113.3,
42861,8,15107.0,
42891,8,15420.1,
42921,8,15123.3,
42951,8,15072.0,
42981,8,15036.4,
43011,8,15101.0,
43041,8,15115.1,
43071,8,15550.8,
43101,8,15218.2,
43131,8,15376.6,
43162,8,15212.0,
43192,8,15302.9,
43222,8,15494.6,
43252,8,15582.4,
43282,8,15316.1,recycle
43312,0,0.0,
43342,0,0.0,
43372,8,1935.7,
43402,8,5001.4,
43432,8,7514.7,
43462,8,8748.9,
43492,8,9610.8,
43522,8,9632.5,
43552,8,10337.1,
43582,8,10755.3,
43612,8,10903.7,
43642,8,10966.0,
43672,8,10961.7,
43702,8,11368.2,
43733,8,11502.3,
43763,8,11630.8,
43793,8,12011.1,
43823,8,11962.9,
43853,8,12384.5,
43883,8,12601.1,
43913,8,12385.6,
43943,8,12597.9,
43973,8,12447.8,
44003,8,12883.1,
44033,8,12580.4,
44063,8,12483.5,
44093,8,13202.3,
44123,8,13604.7,
44153,8,13154.2,
44183,8,13767.8,
44213,8,13273.4,
44243,8,13373.2,
44274,8,13463.0,
44304,8,13519.3,
44334,8,13303.4,
44364,8,13755.6,
44394,8,13944.7,
44424,8,13569.7,
44454,8,14163.4,
44484,8,14398.6,
44514,8,14245.2,
44544,8,14285.6,
44574,8,14576.3,
44604,8,14901.4,
44634,8,14729.3,
44664,8,14836.3,
44694,8,14243.7,
44724,8,14278.5,
44754,8,14161.9,
44785,8,14754.9,
44815,8,14735.4,
44845,8,14852.6,
44875,8,14654.9,
44905,8,14545.3,
44935,8,14893.7,
44965,8,14892.3,
44995,8,14954.6,
45025,8,14758.0,
45055,8,14642.0,
45085,8,14608.4,
45115,8,14876.4,
45145,8,15067.4,
45175,8,15036.4,
45205,8,15079.4,
45235,8,15012.9,
45265,8,14956.0,
45296,8,14641.8,
45326,8,15203.4,
45356,8,15416.9,
45386,8,15230.6,
45416,8,15411.1,
45446,8,15385.9,
45476,8,15432.7,
45506,8,15295.9,
45536,8,15057.9,
45566,8,15404.0,
45596,8,15042.9,
45626,8,15368.2,
45656,8,15683.7,
45686,8,15226.4,recycle
45716,0,0.0,
45746,0,0.0,
45776,8,1936.5,
45807,8,4243.2,
45837,8,6046.1,
45867,8,7788.8,
45897,8,9011.3,
45927,8,10191.0,
45957,8,10703.0,
45987,8,10646.1,
46017,8,11267.9,
46047,8,11191.2,
46077,8,11115.4,
46107,8,11560.0,
46137,8,12046.3,
46167,8,12211.2,
46197,8,12303.4,
46227,8,12740.7,
46257,8,12325.8,
46287,8,12512.0,
46317,8,12694.4,
46348,8,13119.3,
46378,8,12824.2,
46408,8,13289.2,
46438,8,13298.0,
46468,8,13108.2,
46498,8,13249.9,
46528,8,13201.0,
46558,8,13262.5,
46588,8,13277.0,
46618,8,13838.9,
46648,8,13829.8,
46678,8,14111.9,
46708,8,13880.2,
46738,8,13702.2,
46768,8,14252.9,
46798,8,14110.2,
46828,8,14128.2,
46859,8,14131.2,
46889,8,14275.6,
46919,8,14341.9,
46949,8,14084.3,
46979,8,14123.6,
47009,8,14234.6,
47039,8,14576.7,
47069,8,14420.0,
47099,8,14591.3,
47129,8,14392.8,
47159,8,14405.4,
47189,8,14505.3,
47219,8,14514.8,
47249,8,14428.5,
47279,8,14290.6,
47309,8,14494.4,
47339,8,14315.3,
47370,8,14422.1,
47400,8,14989.0,
47430,8,14567.7,
47460,8,14771.6,
47490,8,14856.2,
47520,8,15204.4,
47550,8,15241.1,
47580,8,14928.9,
47610,8,14852.4,
47640,8,14992.6,
47670,8,15307.2,
47700,8,15091.5,
47730,8,15334.6,
47760,8,15355.1,
47790,8,15405.7,
47820,8,15453.1,
47850,8,15673.9,
47881,8,16180.5,
47911,8,15416.1,
47941,8,15860.1,
47971,8,15791.5,
48001,8,15395.1,
48031,8,15339.2,
48061,8,15977.5,
48091,8,16138.4,recycle
48121,0,0.0,
48151,0,0.0,
48181,8,1924.8,
48211,8,4772.3,
48241,8,6661.1,
48271,8,8977.9,
48301,8,9146.9,
48331,8,10140.3,
48361,8,10355.1,
48392,8,10908.3,
48422,8,10633.6,
48452,8,11201.6,
48482,8,11703.4,
48512,8,11513.5,
48542,8,11610.1,
48572,8,11883.8,
48602,8,12229.1,
48632,8,12354.7,
48662,8,12512.0,
48692,8,12567.8,
48722,8,12897.8,
48752,8,12272.7,
48782,8,12801.7,
48812,8,12565.9,
48842,8,12893.3,
48872,8,12712.9,
48902,8,13011.6,
48933,8,13496.0,
48963,8,13042.8,
48993,8,12992.1,
49023,8,13446.1,
49053,8,12818.7,
49083,8,13502.5,
49113,8,13249.8,
49143,8,13303.0,
49173,8,13327.6,
49203,8,13321.5,
49233,8,13982.7,
49263,8,13512.9,
49293,8,13611.1,
49323,8,13537.4,
49353,8,13963.9,
49383,8,14660.9,
49413,8,14035.5,
49443,8,14238.4,
49474,8,14374.4,
49504,8,14520.2,
49534,8,14563.0,
49564,8,14709.8,
49594,8,14463.3,
49624,8,14667.4,
49654,8,15006.2,
49684,8,14426.4,
49714,8,14968.5,
49744,8,14770.1,
49774,8,14675.4,
49804,8,14371.8,
49834,8,14839.8,
49864,8,15066.8,
49894,8,14889.6,
49924,8,14372.1,
49954,8,14998.9,
49984,8,14892.5,
50015,8,14648.9,
50045,8,14652.1,
50075,8,14717.1,
50105,8,14717.5,
50135,8,14875.9,
50165,8,15256.0,
50195,8,14876.4,
50225,8,14901.9,
50255,8,15162.5,
50285,8,15232.0,
50315,8,15092.6,
50345,8,15328.3,
50375,8,15254.0,
50405,8,15374.9,
50435,8,15426.3,
50465,8,15385.2,
50495,8,15299.7,recycle
50525,0,0.0,
50555,0,0.0,
50585,8,1921.5,
50616,8,5855.7,
50646,8,7822.7,
50676,8,8404.8,
50706,8,9624.6,
50736,8,10492.4,
50766,8,11011.8,
50796,8,11220.0,
50826,8,11989.8,
50856,8,11480.9,
50886,8,11893.7,
50916,8,11824.1,
50946,8,11974.7,
50976,8,12345.2,
51006,8,12376.1,
51036,8,12765.0,
51066,8,12455.1,
51096,8,13074.7,
51127,8,12971.6,
51157,8,13194.5,
51187,8,13194.2,
51217,0,0.0,
51247,0,0.0,
51277,8,1560.8,
51307,8,2037.2,
51337,8,4742.5,
51367,8,7145.5,
51397,8,7909.2,
51427,8,9107.9,
51457,8,9963.4,
51487,8,10490.5,
51517,8,10880.8,
51547,8,11057.9,
51577,8,11102.2,
51607,8,11332.9,
51637,8,11932.4,
51667,8,11910.9,
51698,8,12230.7,
51728,8,12547.9,
51758,8,12806.1,
51788,8,12851.1,
51818,8,12827.5,
51848,8,12865.7,
51878,8,12965.2,
51908,8,13300.6,
51938,8,13340.0,
51968,8,13162.0,
51998,8,12884.5,
52028,8,13257.2,
52058,8,13140.4,
52088,8,13115.1,
52118,8,13313.9,
52148,8,13424.7,
52179,8,13099.7,
52209,8,13399.2,
52239,8,13513.9,
52269,8,13253.7,
52299,8,13303.6,
52329,8,13401.4,
52359,8,13818.5,
52389,8,13603.5,
52419,8,14342.7,
52449,8,13920.8,
52479,8,14649.9,
52509,8,13899.5,
52539,8,14329.8,
52569,8,14482.5,
52599,8,14288.5,
52629,8,14584.5,
52659,8,14660.2,
52690,8,14569.4,
52720,8,14412.3,
52750,8,14435.1,
52780,8,14623.6,
52810,8,14865.4,
52840,8,14649.9,
52870,8,14812.1,
52900,8,14389.7,recycle
52930,0,0.0,
52960,0,0.0,
52990,8,1929.9,
53020,8,4720.3,
53050,8,7227.9,
53080,8,7614.8,
53110,8,8533.8,
53140,8,9470.4,
53170,8,10256.1,
53200,8,10540.1,
53231,8,10796.5,
53261,8,11604.6,
53291,8,11648.6,
53321,8,11778.8,
53351,8,12115.8,
53381,8,11930.1,
53411,8,12283.2,
53441,8,12739.3,
53471,8,12659.6,
53501,8,12411.9,
53531,8,13053.8,
53561,8,13100.7,
53591,8,13219.8,
53621,8,13217.4,
53651,8,12974.1,
53681,8,13257.0,
53711,8,13686.6,
53742,8,13414.7,
53772,8,13092.7,
53802,8,13530.6,
53832,8,13222.7,
53862,8,13516.0,
53892,8,13328.9,
53922,8,13956.9,
53952,8,14054.6,
53982,8,14025.7,
54012,8,14228.9,
54042,8,14169.7,
54072,8,13941.7,
54102,8,14194.3,
54132,8,14189.3,
54162,8,13915.1,
54192,8,13874.7,
54223,8,14026.6,
54253,8,14458.7,
54283,8,14289.2,
54313,8,14040.0,
54343,8,14156.7,
54373,8,14583.1,
54403,8,14393.3,
54433,8,14468.9,
54463,8,14633.7,
54493,8,14372.9,
54523,8,14779.6,
54553,8,14364.6,
54583,8,14881.8,
54613,8,14702.9,
54643,8,14987.1,
54673,8,15011.8,
54703,8,14819.9,
54734,8,14761.4,
54764,8,14585.5,
54794,8,15001.4,
54824,8,14970.3,
54854,8,14804.9,
54884,8,14878.1,
54914,8,14552.4,
54944,8,14829.7,
54974,8,14708.1,
55004,8,14777.7,
55034,8,14544.3,
55064,8,14657.9,
55094,8,15198.1,
55124,8,14776.3,
55154,8,15008.5,
55184,8,15483.1,
55214,8,15460.2,
55244,8,15438.4,
55274,8,15283.0,
55305,8,15440.4,recycle
55335,0,0.0,
55365,0,0.0,
55395,8,1935.0,
55425,8,3792.9,
55455,8,7281.7,
55485,8,8867.5,
55515,8,9406.4,
55545,8,9630.6,
55575,8,10433.9,
55605,8,11104.4,
55635,8,11492.0,
55665,8,11582.8,
55695,8,11300.4,
55725,8,11851.3,
55755,8,11914.3,
55785,8,12294.9,
55815,8,12461.4,
55845,8,12480.0,
55876,8,12680.7,
55906,8,12818.5,
55936,8,13003.2,
55966,8,13077.1,
55996,8,13012.6,
56026,8,13520.3,
56056,8,13042.8,
56086,8,13180.0,
56116,8,13165.6,
56146,8,13685.8,
56176,8,13839.0,
56206,8,13199.3,
56236,8,13345.1,
56266,8,13674.0,
56296,8,13400.0,
56326,8,13884.3,
56356,8,13350.1,
56386,8,13727.8,
56417,8,13803.8,
56447,8,13685.6,
56477,8,13533.0,
56507,8,13611.6,
56537,8,14011.9,
56567,8,13787.2,
56597,8,14190.3,
56627,8,14362.5,
56657,8,14027.7,
56687,8,14082.2,
56717,8,14287.5,
56747,8,14061.8,
56777,8,14033.0,
56807,8,14382.6,
56837,8,14650.1,
56867,8,14290.5,
56897,8,14512.7,
56927,8,14337.1,
56958,8,14868.0,
56988,8,15019.4,
57018,8,14946.2,
57048,8,14814.7,
57078,8,15238.1,
57108,8,15083.5,
57138,8,15248.8,
57168,8,15285.2,
57198,8,15163.5,
57228,8,15009.8,
57258,8,15078.2,
57288,8,15043.1,
57318,8,14943.8,
57348,8,15144.8,
57378,8,15121.0,
57408,8,14700.9,
57438,8,14778.0,
57468,8,15560.1,
57499,8,15226.9,
57529,8,15419.9,
57559,8,15477.8,
57589,8,15733.3,
